Nodes,Degree,p_Depth,Shots,Graph_ID,Best_Score,Best_Repair_Used,Time_s
6,3,1,500,0,3,degree_based,0.993328332901001
6,3,1,500,1,2,degree_based,0.6965594291687012
6,3,1,500,2,2,degree_based,0.6281800270080566
6,3,1,500,3,3,degree_based,0.6253948211669922
6,3,1,500,4,3,degree_based,0.6963105201721191
6,3,1,500,5,3,degree_based,0.62038254737854
6,3,1,500,6,3,degree_based,0.6240406036376953
6,3,1,500,7,3,degree_based,0.6220841407775879
6,3,1,500,8,3,degree_based,0.6180222034454346
6,3,1,500,9,2,degree_based,0.6955339908599854
6,3,1,1000,0,3,degree_based,0.6398639678955078
6,3,1,1000,1,2,degree_based,0.6745846271514893
6,3,1,1000,2,2,degree_based,0.6853241920471191
6,3,1,1000,3,3,degree_based,0.6857523918151855
6,3,1,1000,4,3,degree_based,0.6350505352020264
6,3,1,1000,5,3,degree_based,0.6350984573364258
6,3,1,1000,6,3,degree_based,0.6864469051361084
6,3,1,1000,7,3,degree_based,0.6401798725128174
6,3,1,1000,8,3,degree_based,0.636850118637085
6,3,1,1000,9,2,degree_based,0.705986499786377
6,3,2,500,0,3,degree_based,0.9680755138397217
6,3,2,500,1,2,degree_based,1.0072298049926758
6,3,2,500,2,2,degree_based,1.025442123413086
6,3,2,500,3,3,degree_based,0.9245336055755615
6,3,2,500,4,3,degree_based,0.9731361865997314
6,3,2,500,5,3,degree_based,0.9731621742248535
6,3,2,500,6,3,degree_based,0.9721248149871826
6,3,2,500,7,3,degree_based,0.9752051830291748
6,3,2,500,8,3,degree_based,0.9783735275268555
6,3,2,500,9,2,degree_based,1.0117077827453613
6,3,2,1000,0,3,degree_based,1.0443196296691895
6,3,2,1000,1,2,degree_based,1.0687322616577148
6,3,2,1000,2,2,degree_based,0.9904513359069824
6,3,2,1000,3,3,degree_based,1.0392272472381592
6,3,2,1000,4,3,degree_based,0.9927999973297119
6,3,2,1000,5,3,degree_based,0.9892315864562988
6,3,2,1000,6,3,degree_based,0.9408049583435059
6,3,2,1000,7,3,degree_based,0.935988187789917
6,3,2,1000,8,3,degree_based,0.9972236156463623
6,3,2,1000,9,2,degree_based,1.0323381423950195
6,4,1,500,0,2,degree_based,0.6826381683349609
6,4,1,500,1,2,degree_based,0.7387895584106445
6,4,1,500,2,2,degree_based,0.7522892951965332
6,4,1,500,3,2,degree_based,0.6862881183624268
6,4,1,500,4,2,degree_based,0.6837623119354248
6,4,1,500,5,2,degree_based,0.6981184482574463
6,4,1,500,6,2,degree_based,0.6981289386749268
6,4,1,500,7,2,degree_based,0.6834306716918945
6,4,1,500,8,2,degree_based,0.7323997020721436
6,4,1,500,9,2,degree_based,0.6727397441864014
6,4,1,1000,0,2,degree_based,0.6976957321166992
6,4,1,1000,1,2,degree_based,0.6931097507476807
6,4,1,1000,2,2,degree_based,0.7622344493865967
6,4,1,1000,3,2,degree_based,0.6921494007110596
6,4,1,1000,4,2,degree_based,0.6920473575592041
6,4,1,1000,5,2,degree_based,0.719153642654419
6,4,1,1000,6,2,degree_based,0.766958475112915
6,4,1,1000,7,2,degree_based,0.695012092590332
6,4,1,1000,8,2,degree_based,0.7479081153869629
6,4,1,1000,9,2,degree_based,0.7532627582550049
6,4,2,500,0,2,degree_based,1.0771377086639404
6,4,2,500,1,2,degree_based,1.0749306678771973
6,4,2,500,2,2,degree_based,1.163513422012329
6,4,2,500,3,2,degree_based,1.0725674629211426
6,4,2,500,4,2,degree_based,1.0768184661865234
6,4,2,500,5,2,degree_based,1.1058502197265625
6,4,2,500,6,2,degree_based,1.0541701316833496
6,4,2,500,7,2,degree_based,1.0753939151763916
6,4,2,500,8,2,degree_based,1.0762274265289307
6,4,2,500,9,2,degree_based,1.0713253021240234
6,4,2,1000,0,2,degree_based,1.0831348896026611
6,4,2,1000,1,2,degree_based,1.0827257633209229
6,4,2,1000,2,2,degree_based,1.165865182876587
6,4,2,1000,3,2,degree_based,1.0924246311187744
6,4,2,1000,4,2,degree_based,1.0861115455627441
6,4,2,1000,5,2,degree_based,1.11869215965271
6,4,2,1000,6,2,degree_based,1.166884422302246
6,4,2,1000,7,2,degree_based,1.0796189308166504
6,4,2,1000,8,2,degree_based,1.0871562957763672
6,4,2,1000,9,2,degree_based,1.2073421478271484
6,5,1,500,0,1,degree_based,0.7567756175994873
6,5,1,500,1,1,degree_based,0.7583460807800293
6,5,1,500,2,1,degree_based,0.8100419044494629
6,5,1,500,3,1,degree_based,0.7544646263122559
6,5,1,500,4,1,degree_based,0.753908634185791
6,5,1,500,5,1,degree_based,0.8075876235961914
6,5,1,500,6,1,degree_based,0.8124384880065918
6,5,1,500,7,1,degree_based,0.7573440074920654
6,5,1,500,8,1,degree_based,0.808147668838501
6,5,1,500,9,1,degree_based,0.8064720630645752
6,5,1,1000,0,1,degree_based,0.8178741931915283
6,5,1,1000,1,1,degree_based,0.7706232070922852
6,5,1,1000,2,1,degree_based,0.8230941295623779
6,5,1,1000,3,1,degree_based,0.8249590396881104
6,5,1,1000,4,1,degree_based,0.8193867206573486
6,5,1,1000,5,1,degree_based,0.7692885398864746
6,5,1,1000,6,1,degree_based,0.8190219402313232
6,5,1,1000,7,1,degree_based,0.8225564956665039
6,5,1,1000,8,1,degree_based,0.8241250514984131
6,5,1,1000,9,1,degree_based,0.7679951190948486
6,5,2,500,0,1,degree_based,1.2514262199401855
6,5,2,500,1,1,degree_based,1.2511019706726074
6,5,2,500,2,1,degree_based,1.24763822555542
6,5,2,500,3,1,degree_based,1.1916980743408203
6,5,2,500,4,1,degree_based,1.2469050884246826
6,5,2,500,5,1,degree_based,1.1989221572875977
6,5,2,500,6,1,degree_based,1.2522597312927246
6,5,2,500,7,1,degree_based,1.1900901794433594
6,5,2,500,8,1,degree_based,1.241774559020996
6,5,2,500,9,1,degree_based,1.1951794624328613
6,5,2,1000,0,1,degree_based,1.2646713256835938
6,5,2,1000,1,1,degree_based,1.214970350265503
6,5,2,1000,2,1,degree_based,1.2589998245239258
6,5,2,1000,3,1,degree_based,1.197695016860962
6,5,2,1000,4,1,degree_based,1.2522947788238525
6,5,2,1000,5,1,degree_based,1.206176519393921
6,5,2,1000,6,1,degree_based,1.2560245990753174
6,5,2,1000,7,1,degree_based,1.2022340297698975
6,5,2,1000,8,1,degree_based,1.2621686458587646
6,5,2,1000,9,1,degree_based,1.2144527435302734
6,6,1,500,0,1,degree_based,0.8065352439880371
6,6,1,500,1,1,degree_based,0.7589659690856934
6,6,1,500,2,1,degree_based,0.7543654441833496
6,6,1,500,3,1,degree_based,0.7513952255249023
6,6,1,500,4,1,degree_based,0.757237434387207
6,6,1,500,5,1,degree_based,0.8051397800445557
6,6,1,500,6,1,degree_based,0.8032712936401367
6,6,1,500,7,1,degree_based,0.7524631023406982
6,6,1,500,8,1,degree_based,0.8100855350494385
6,6,1,500,9,1,degree_based,0.8060088157653809
6,6,1,1000,0,1,degree_based,0.819988489151001
6,6,1,1000,1,1,degree_based,0.7640993595123291
6,6,1,1000,2,1,degree_based,0.8207104206085205
6,6,1,1000,3,1,degree_based,0.8184213638305664
6,6,1,1000,4,1,degree_based,0.8229897022247314
6,6,1,1000,5,1,degree_based,0.7713565826416016
6,6,1,1000,6,1,degree_based,0.8178460597991943
6,6,1,1000,7,1,degree_based,0.8263053894042969
6,6,1,1000,8,1,degree_based,0.8200972080230713
6,6,1,1000,9,1,degree_based,0.7709441184997559
6,6,2,500,0,1,degree_based,1.2529473304748535
6,6,2,500,1,1,degree_based,1.252788782119751
6,6,2,500,2,1,degree_based,1.2460758686065674
6,6,2,500,3,1,degree_based,1.1960437297821045
6,6,2,500,4,1,degree_based,1.2486555576324463
6,6,2,500,5,1,degree_based,1.1994218826293945
6,6,2,500,6,1,degree_based,1.24784255027771
6,6,2,500,7,1,degree_based,1.1976954936981201
6,6,2,500,8,1,degree_based,1.2480666637420654
6,6,2,500,9,1,degree_based,1.1981794834136963
6,6,2,1000,0,1,degree_based,1.2620856761932373
6,6,2,1000,1,1,degree_based,1.209263801574707
6,6,2,1000,2,1,degree_based,1.2598416805267334
6,6,2,1000,3,1,degree_based,1.2200617790222168
6,6,2,1000,4,1,degree_based,1.2711985111236572
6,6,2,1000,5,1,degree_based,1.212735652923584
6,6,2,1000,6,1,degree_based,1.2635743618011475
6,6,2,1000,7,1,degree_based,1.211876392364502
6,6,2,1000,8,1,degree_based,1.2668747901916504
6,6,2,1000,9,1,degree_based,1.2120082378387451
8,3,1,500,0,3,degree_based,0.8196239471435547
8,3,1,500,1,3,degree_based,0.7430465221405029
8,3,1,500,2,3,degree_based,0.7418060302734375
8,3,1,500,3,3,degree_based,0.765801191329956
8,3,1,500,4,3,degree_based,0.8181731700897217
8,3,1,500,5,3,degree_based,0.7904105186462402
8,3,1,500,6,3,degree_based,0.7378954887390137
8,3,1,500,7,3,degree_based,0.7451229095458984
8,3,1,500,8,3,degree_based,0.7653625011444092
8,3,1,500,9,3,degree_based,0.8244888782501221
8,3,1,1000,0,3,degree_based,0.78468918800354
8,3,1,1000,1,3,degree_based,0.7601468563079834
8,3,1,1000,2,3,degree_based,0.7520685195922852
8,3,1,1000,3,3,degree_based,0.8368468284606934
8,3,1,1000,4,3,degree_based,0.8390612602233887
8,3,1,1000,5,3,degree_based,0.7567713260650635
8,3,1,1000,6,3,degree_based,0.7660033702850342
8,3,1,1000,7,3,degree_based,0.7606704235076904
8,3,1,1000,8,3,degree_based,0.8337194919586182
8,3,1,1000,9,3,degree_based,0.7846412658691406
8,3,2,500,0,3,degree_based,1.2753565311431885
8,3,2,500,1,3,degree_based,1.2410712242126465
8,3,2,500,2,3,degree_based,1.1968107223510742
8,3,2,500,3,3,degree_based,1.2302794456481934
8,3,2,500,4,3,degree_based,1.224853754043579
8,3,2,500,5,3,degree_based,1.204078197479248
8,3,2,500,6,3,degree_based,1.1958303451538086
8,3,2,500,7,3,degree_based,1.2518749237060547
8,3,2,500,8,3,degree_based,1.2302906513214111
8,3,2,500,9,3,degree_based,1.2838184833526611
8,3,2,1000,0,3,degree_based,1.2427880764007568
8,3,2,1000,1,3,degree_based,1.2335307598114014
8,3,2,1000,2,3,degree_based,1.2166471481323242
8,3,2,1000,3,3,degree_based,1.2551782131195068
8,3,2,1000,4,3,degree_based,1.2607204914093018
8,3,2,1000,5,3,degree_based,1.2168471813201904
8,3,2,1000,6,3,degree_based,1.2449097633361816
8,3,2,1000,7,3,degree_based,1.2820582389831543
8,3,2,1000,8,3,degree_based,1.257810115814209
8,3,2,1000,9,3,degree_based,1.2995405197143555
8,4,1,500,0,2,degree_based,0.8955094814300537
8,4,1,500,1,3,degree_based,0.8273899555206299
8,4,1,500,2,3,degree_based,0.8809587955474854
8,4,1,500,3,3,degree_based,0.830258846282959
8,4,1,500,4,3,degree_based,0.8811302185058594
8,4,1,500,5,3,degree_based,0.8468215465545654
8,4,1,500,6,2,degree_based,0.9006967544555664
8,4,1,500,7,2,degree_based,0.8986785411834717
8,4,1,500,8,3,degree_based,0.8345859050750732
8,4,1,500,9,3,degree_based,0.886918306350708
8,4,1,1000,0,3,degree_based,0.9239993095397949
8,4,1,1000,1,3,degree_based,0.8472461700439453
8,4,1,1000,2,3,degree_based,0.8491215705871582
8,4,1,1000,3,3,degree_based,0.9014828205108643
8,4,1,1000,4,3,degree_based,0.8993065357208252
8,4,1,1000,5,3,degree_based,0.9154839515686035
8,4,1,1000,6,2,degree_based,0.9189186096191406
8,4,1,1000,7,2,degree_based,0.9176850318908691
8,4,1,1000,8,3,degree_based,0.899341344833374
8,4,1,1000,9,2,degree_based,0.8869028091430664
8,4,2,500,0,3,degree_based,1.4102230072021484
8,4,2,500,1,3,degree_based,1.3811907768249512
8,4,2,500,2,3,degree_based,1.3862111568450928
8,4,2,500,3,3,degree_based,1.3851213455200195
8,4,2,500,4,3,degree_based,1.3892192840576172
8,4,2,500,5,3,degree_based,1.4124717712402344
8,4,2,500,6,2,degree_based,1.362016201019287
8,4,2,500,7,2,degree_based,1.4143970012664795
8,4,2,500,8,3,degree_based,1.3784263134002686
8,4,2,500,9,3,degree_based,1.382887601852417
8,4,2,1000,0,3,degree_based,1.4379374980926514
8,4,2,1000,1,3,degree_based,1.4026474952697754
8,4,2,1000,2,3,degree_based,1.4092910289764404
8,4,2,1000,3,3,degree_based,1.4019055366516113
8,4,2,1000,4,3,degree_based,1.3996026515960693
8,4,2,1000,5,3,degree_based,1.3902597427368164
8,4,2,1000,6,2,degree_based,1.3782196044921875
8,4,2,1000,7,2,degree_based,1.4332754611968994
8,4,2,1000,8,3,degree_based,1.4019298553466797
8,4,2,1000,9,3,degree_based,1.4066784381866455
8,5,1,500,0,2,degree_based,0.9501674175262451
8,5,1,500,1,2,degree_based,0.9494411945343018
8,5,1,500,2,3,degree_based,0.9541194438934326
8,5,1,500,3,2,degree_based,0.9496860504150391
8,5,1,500,4,2,degree_based,0.9032876491546631
8,5,1,500,5,3,energy_minim,0.9230690002441406
8,5,1,500,6,3,degree_based,0.8749837875366211
8,5,1,500,7,2,degree_based,0.9074385166168213
8,5,1,500,8,2,degree_based,0.904487133026123
8,5,1,500,9,3,random_choice,0.9558990001678467
8,5,1,1000,0,3,degree_based,0.961773157119751
8,5,1,1000,1,2,degree_based,0.9186553955078125
8,5,1,1000,2,3,degree_based,0.965731143951416
8,5,1,1000,3,2,degree_based,0.9713153839111328
8,5,1,1000,4,2,degree_based,0.9218771457672119
8,5,1,1000,5,3,degree_based,0.9943292140960693
8,5,1,1000,6,3,degree_based,0.8956453800201416
8,5,1,1000,7,2,degree_based,0.9131388664245605
8,5,1,1000,8,2,degree_based,0.9179596900939941
8,5,1,1000,9,3,degree_based,0.9744424819946289
8,5,2,500,0,3,degree_based,1.5107431411743164
8,5,2,500,1,2,degree_based,1.5141358375549316
8,5,2,500,2,3,degree_based,1.5121440887451172
8,5,2,500,3,2,degree_based,1.504455804824829
8,5,2,500,4,2,degree_based,1.510300636291504
8,5,2,500,5,2,degree_based,1.5463416576385498
8,5,2,500,6,3,degree_based,1.473935842514038
8,5,2,500,7,2,degree_based,1.5648906230926514
8,5,2,500,8,2,degree_based,1.5021357536315918
8,5,2,500,9,3,degree_based,1.5133345127105713
8,5,2,1000,0,3,energy_minim,1.5278522968292236
8,5,2,1000,1,2,degree_based,1.5312376022338867
8,5,2,1000,2,3,degree_based,1.5767431259155273
8,5,2,1000,3,2,degree_based,1.524183750152588
8,5,2,1000,4,2,degree_based,1.5333237648010254
8,5,2,1000,5,3,degree_based,1.6131072044372559
8,5,2,1000,6,3,degree_based,1.44468355178833
8,5,2,1000,7,2,degree_based,1.4790709018707275
8,5,2,1000,8,2,degree_based,1.532139778137207
8,5,2,1000,9,3,degree_based,1.533916711807251
8,6,1,500,0,2,degree_based,1.0348255634307861
8,6,1,500,1,2,degree_based,1.0300376415252686
8,6,1,500,2,2,degree_based,1.0517284870147705
8,6,1,500,3,2,degree_based,1.049614667892456
8,6,1,500,4,2,degree_based,0.9525265693664551
8,6,1,500,5,2,degree_based,1.0277752876281738
8,6,1,500,6,2,degree_based,0.9834918975830078
8,6,1,500,7,2,degree_based,1.0496814250946045
8,6,1,500,8,2,degree_based,1.0269575119018555
8,6,1,500,9,2,degree_based,1.032641887664795
8,6,1,1000,0,2,degree_based,1.0489633083343506
8,6,1,1000,1,2,degree_based,1.0397083759307861
8,6,1,1000,2,2,degree_based,1.0693988800048828
8,6,1,1000,3,2,degree_based,1.0708463191986084
8,6,1,1000,4,2,degree_based,1.0355579853057861
8,6,1,1000,5,2,degree_based,1.0474169254302979
8,6,1,1000,6,2,degree_based,1.0515658855438232
8,6,1,1000,7,2,degree_based,1.072493076324463
8,6,1,1000,8,2,degree_based,1.0564961433410645
8,6,1,1000,9,2,degree_based,1.053701400756836
8,6,2,500,0,2,degree_based,1.6893360614776611
8,6,2,500,1,2,degree_based,1.6988673210144043
8,6,2,500,2,2,degree_based,1.7306675910949707
8,6,2,500,3,2,degree_based,1.731095790863037
8,6,2,500,4,2,degree_based,1.6622874736785889
8,6,2,500,5,2,degree_based,1.6927106380462646
8,6,2,500,6,2,degree_based,1.6928668022155762
8,6,2,500,7,2,degree_based,1.7252893447875977
8,6,2,500,8,2,degree_based,1.7024993896484375
8,6,2,500,9,2,degree_based,1.6870653629302979
8,6,2,1000,0,2,degree_based,1.7162437438964844
8,6,2,1000,1,2,degree_based,1.7123184204101562
8,6,2,1000,2,2,degree_based,1.7429101467132568
8,6,2,1000,3,2,degree_based,1.7450463771820068
8,6,2,1000,4,2,degree_based,1.6808967590332031
8,6,2,1000,5,2,degree_based,1.715308666229248
8,6,2,1000,6,2,degree_based,1.708615779876709
8,6,2,1000,7,2,degree_based,1.745915174484253
8,6,2,1000,8,2,degree_based,1.712040662765503
8,6,2,1000,9,2,degree_based,1.7177097797393799
10,3,1,500,0,4,degree_based,0.9484312534332275
10,3,1,500,1,4,degree_based,0.8978748321533203
10,3,1,500,2,4,degree_based,0.9254448413848877
10,3,1,500,3,4,degree_based,0.8939945697784424
10,3,1,500,4,4,degree_based,0.9231994152069092
10,3,1,500,5,4,degree_based,0.9241378307342529
10,3,1,500,6,4,degree_based,0.8886260986328125
10,3,1,500,7,4,degree_based,0.9479458332061768
10,3,1,500,8,4,degree_based,0.9446156024932861
10,3,1,500,9,4,degree_based,0.8665580749511719
10,3,1,1000,0,4,degree_based,0.9664959907531738
10,3,1,1000,1,4,degree_based,0.9148554801940918
10,3,1,1000,2,4,degree_based,0.8964948654174805
10,3,1,1000,3,4,degree_based,0.9670877456665039
10,3,1,1000,4,4,degree_based,0.9042937755584717
10,3,1,1000,5,4,degree_based,0.9405274391174316
10,3,1,1000,6,4,degree_based,0.9629204273223877
10,3,1,1000,7,4,degree_based,0.9689242839813232
10,3,1,1000,8,4,degree_based,0.9714832305908203
10,3,1,1000,9,4,degree_based,0.9461958408355713
10,3,2,500,0,4,degree_based,1.5041580200195312
10,3,2,500,1,4,degree_based,1.5038115978240967
10,3,2,500,2,4,degree_based,1.4718968868255615
10,3,2,500,3,4,degree_based,1.5083489418029785
10,3,2,500,4,4,degree_based,1.4763877391815186
10,3,2,500,5,4,degree_based,1.473658561706543
10,3,2,500,6,4,degree_based,1.4517202377319336
10,3,2,500,7,4,degree_based,1.4527034759521484
10,3,2,500,8,4,degree_based,1.5066709518432617
10,3,2,500,9,4,degree_based,1.478574275970459
10,3,2,1000,0,4,degree_based,1.524169683456421
10,3,2,1000,1,4,degree_based,1.52891206741333
10,3,2,1000,2,4,degree_based,1.4848904609680176
10,3,2,1000,3,4,degree_based,1.4691741466522217
10,3,2,1000,4,4,degree_based,1.4379246234893799
10,3,2,1000,5,4,degree_based,1.4497554302215576
10,3,2,1000,6,4,degree_based,1.4696745872497559
10,3,2,1000,7,4,degree_based,1.537750005722046
10,3,2,1000,8,4,degree_based,1.5290417671203613
10,3,2,1000,9,4,degree_based,1.5007908344268799
10,4,1,500,0,3,degree_based,1.0172240734100342
10,4,1,500,1,3,degree_based,1.0492756366729736
10,4,1,500,2,4,degree_based,1.0111145973205566
10,4,1,500,3,4,degree_based,1.0209150314331055
10,4,1,500,4,1,degree_based,1.0185325145721436
10,4,1,500,5,4,energy_minim,1.0252611637115479
10,4,1,500,6,3,degree_based,1.0514271259307861
10,4,1,500,7,3,degree_based,1.031587839126587
10,4,1,500,8,3,degree_based,1.0286202430725098
10,4,1,500,9,3,degree_based,1.0227608680725098
10,4,1,1000,0,3,degree_based,1.0592741966247559
10,4,1,1000,1,3,degree_based,1.0627245903015137
10,4,1,1000,2,4,degree_based,1.0241408348083496
10,4,1,1000,3,4,degree_based,1.0977306365966797
10,4,1,1000,4,4,degree_based,1.0517244338989258
10,4,1,1000,5,4,random_choice,0.9998862743377686
10,4,1,1000,6,3,degree_based,1.0633540153503418
10,4,1,1000,7,4,degree_based,1.0595238208770752
10,4,1,1000,8,4,degree_based,1.0972802639007568
10,4,1,1000,9,3,degree_based,1.054171085357666
10,4,2,500,0,3,degree_based,1.6934335231781006
10,4,2,500,1,3,degree_based,1.7226064205169678
10,4,2,500,2,4,degree_based,1.6652321815490723
10,4,2,500,3,4,degree_based,1.693009853363037
10,4,2,500,4,4,degree_based,1.6958649158477783
10,4,2,500,5,4,degree_based,1.6964976787567139
10,4,2,500,6,3,degree_based,1.723860502243042
10,4,2,500,7,4,energy_minim,1.6916759014129639
10,4,2,500,8,4,degree_based,1.684704065322876
10,4,2,500,9,3,degree_based,1.6880638599395752
10,4,2,1000,0,3,degree_based,1.7196195125579834
10,4,2,1000,1,3,degree_based,1.747049331665039
10,4,2,1000,2,4,degree_based,1.6763746738433838
10,4,2,1000,3,4,degree_based,1.706700325012207
10,4,2,1000,4,4,degree_based,1.7030174732208252
10,4,2,1000,5,4,degree_based,1.700683355331421
10,4,2,1000,6,3,degree_based,1.7520830631256104
10,4,2,1000,7,4,degree_based,1.7301244735717773
10,4,2,1000,8,4,clause_count,1.6581611633300781
10,4,2,1000,9,3,degree_based,1.7012736797332764
10,5,1,500,0,3,degree_based,1.1704473495483398
10,5,1,500,1,3,degree_based,1.169806718826294
10,5,1,500,2,3,degree_based,1.1791441440582275
10,5,1,500,3,3,degree_based,1.117401361465454
10,5,1,500,4,3,degree_based,1.0663659572601318
10,5,1,500,5,3,degree_based,1.0628483295440674
10,5,1,500,6,3,degree_based,1.18743896484375
10,5,1,500,7,2,degree_based,1.1291170120239258
10,5,1,500,8,3,degree_based,1.1721415519714355
10,5,1,500,9,3,degree_based,1.1386466026306152
10,5,1,1000,0,3,degree_based,1.1945655345916748
10,5,1,1000,1,3,degree_based,1.1476151943206787
10,5,1,1000,2,3,degree_based,1.0936601161956787
10,5,1,1000,3,3,degree_based,1.1440210342407227
10,5,1,1000,4,3,degree_based,1.1444289684295654
10,5,1,1000,5,3,degree_based,1.140655279159546
10,5,1,1000,6,3,degree_based,1.1513681411743164
10,5,1,1000,7,3,degree_based,1.2102205753326416
10,5,1,1000,8,4,clause_count,1.085514783859253
10,5,1,1000,9,3,degree_based,1.2172019481658936
10,5,2,500,0,3,degree_based,1.9051203727722168
10,5,2,500,1,3,degree_based,1.911344051361084
10,5,2,500,2,3,degree_based,1.9227452278137207
10,5,2,500,3,3,degree_based,1.9061787128448486
10,5,2,500,4,3,degree_based,1.9105525016784668
10,5,2,500,5,3,degree_based,1.8546981811523438
10,5,2,500,6,3,degree_based,1.880129098892212
10,5,2,500,7,3,degree_based,1.9428846836090088
10,5,2,500,8,3,degree_based,1.9056005477905273
10,5,2,500,9,3,degree_based,1.943497896194458
10,5,2,1000,0,3,degree_based,1.9290480613708496
10,5,2,1000,1,3,degree_based,1.9302279949188232
10,5,2,1000,2,3,degree_based,1.9237465858459473
10,5,2,1000,3,3,degree_based,1.9355695247650146
10,5,2,1000,4,3,degree_based,1.9369666576385498
10,5,2,1000,5,3,degree_based,1.8840105533599854
10,5,2,1000,6,3,degree_based,1.9330785274505615
10,5,2,1000,7,3,degree_based,1.9613142013549805
10,5,2,1000,8,4,degree_based,1.9360790252685547
10,5,2,1000,9,3,degree_based,1.972249984741211
10,6,1,500,0,3,energy_minim,1.2578518390655518
10,6,1,500,1,3,degree_based,1.2858874797821045
10,6,1,500,2,2,degree_based,1.2337291240692139
10,6,1,500,3,2,degree_based,1.2215280532836914
10,6,1,500,4,2,degree_based,1.2119834423065186
10,6,1,500,5,3,degree_based,1.2141427993774414
10,6,1,500,6,2,degree_based,1.271862506866455
10,6,1,500,7,3,degree_based,1.268721103668213
10,6,1,500,8,3,degree_based,1.2698876857757568
10,6,1,500,9,3,degree_based,1.1951372623443604
10,6,1,1000,0,3,degree_based,1.2695822715759277
10,6,1,1000,1,2,degree_based,1.2541935443878174
10,6,1,1000,2,2,degree_based,1.3116307258605957
10,6,1,1000,3,3,degree_based,1.2521052360534668
10,6,1,1000,4,3,degree_based,1.2912333011627197
10,6,1,1000,5,3,degree_based,1.2343628406524658
10,6,1,1000,6,3,degree_based,1.2931432723999023
10,6,1,1000,7,3,degree_based,1.2387678623199463
10,6,1,1000,8,3,degree_based,1.288874864578247
10,6,1,1000,9,3,degree_based,1.21636962890625
10,6,2,500,0,3,degree_based,2.0315608978271484
10,6,2,500,1,2,degree_based,2.095134735107422
10,6,2,500,2,2,degree_based,2.10137939453125
10,6,2,500,3,3,degree_based,2.0638275146484375
10,6,2,500,4,3,degree_based,2.059957265853882
10,6,2,500,5,3,degree_based,2.060154676437378
10,6,2,500,6,2,degree_based,2.063274383544922
10,6,2,500,7,3,degree_based,2.06496262550354
10,6,2,500,8,3,degree_based,2.0711700916290283
10,6,2,500,9,3,degree_based,2.032454013824463
10,6,2,1000,0,3,degree_based,2.059875011444092
10,6,2,1000,1,3,degree_based,2.1828675270080566
10,6,2,1000,2,2,degree_based,2.1667070388793945
10,6,2,1000,3,3,degree_based,2.0861165523529053
10,6,2,1000,4,3,degree_based,2.0862042903900146
10,6,2,1000,5,3,degree_based,2.087282419204712
10,6,2,1000,6,3,degree_based,2.0990827083587646
10,6,2,1000,7,3,degree_based,2.092885971069336
10,6,2,1000,8,3,degree_based,2.094879627227783
10,6,2,1000,9,3,degree_based,2.4567604064941406
12,3,1,500,0,5,energy_minim,1.0243897438049316
12,3,1,500,1,5,degree_based,1.0116596221923828
12,3,1,500,2,5,energy_minim,1.1289739608764648
12,3,1,500,3,5,degree_based,1.1166181564331055
12,3,1,500,4,5,energy_minim,1.0789690017700195
12,3,1,500,5,4,degree_based,1.0069406032562256
12,3,1,500,6,5,degree_based,1.0617003440856934
12,3,1,500,7,5,degree_based,1.0744717121124268
12,3,1,500,8,4,degree_based,1.0705981254577637
12,3,1,500,9,4,degree_based,1.0050532817840576
12,3,1,1000,0,5,degree_based,1.0363967418670654
12,3,1,1000,1,6,degree_based,1.0365612506866455
12,3,1,1000,2,5,degree_based,1.1440050601959229
12,3,1,1000,3,5,degree_based,1.1220648288726807
12,3,1,1000,4,3,degree_based,1.0748319625854492
12,3,1,1000,5,5,degree_based,1.0347049236297607
12,3,1,1000,6,5,clause_count,1.0848348140716553
12,3,1,1000,7,5,degree_based,1.09468412399292
12,3,1,1000,8,5,degree_based,1.0945863723754883
12,3,1,1000,9,5,degree_based,1.0974018573760986
12,3,2,500,0,5,degree_based,1.7829887866973877
12,3,2,500,1,6,degree_based,1.7576594352722168
12,3,2,500,2,5,degree_based,1.7855021953582764
12,3,2,500,3,5,degree_based,1.7450032234191895
12,3,2,500,4,5,degree_based,1.7839725017547607
12,3,2,500,5,5,degree_based,1.7396209239959717
12,3,2,500,6,5,degree_based,1.7468233108520508
12,3,2,500,7,5,degree_based,1.7897264957427979
12,3,2,500,8,5,degree_based,1.7782816886901855
12,3,2,500,9,5,degree_based,1.7845051288604736
12,3,2,1000,0,5,energy_minim,1.816065788269043
12,3,2,1000,1,5,degree_based,1.775378942489624
12,3,2,1000,2,5,degree_based,1.8060765266418457
12,3,2,1000,3,5,degree_based,1.76938796043396
12,3,2,1000,4,5,degree_based,1.8265657424926758
12,3,2,1000,5,5,degree_based,1.7907054424285889
12,3,2,1000,6,5,degree_based,1.789409875869751
12,3,2,1000,7,5,degree_based,1.8031997680664062
12,3,2,1000,8,5,degree_based,1.8255977630615234
12,3,2,1000,9,5,degree_based,1.8011949062347412
12,4,1,500,0,4,degree_based,1.2303986549377441
12,4,1,500,1,4,degree_based,1.1912543773651123
12,4,1,500,2,4,degree_based,1.1865272521972656
12,4,1,500,3,4,degree_based,1.1721656322479248
12,4,1,500,4,4,degree_based,1.1938607692718506
12,4,1,500,5,4,degree_based,1.2166826725006104
12,4,1,500,6,4,degree_based,1.2057602405548096
12,4,1,500,7,5,energy_minim,1.2298848628997803
12,4,1,500,8,4,degree_based,1.169482946395874
12,4,1,500,9,4,degree_based,1.1952295303344727
12,4,1,1000,0,4,degree_based,1.2576065063476562
12,4,1,1000,1,4,degree_based,1.2646338939666748
12,4,1,1000,2,4,degree_based,1.1533699035644531
12,4,1,1000,3,5,degree_based,1.2014639377593994
12,4,1,1000,4,5,energy_minim,1.2164011001586914
12,4,1,1000,5,5,degree_based,1.2036075592041016
12,4,1,1000,6,4,degree_based,1.1916098594665527
12,4,1,1000,7,5,random_choice,1.2121398448944092
12,4,1,1000,8,4,degree_based,1.210834264755249
12,4,1,1000,9,4,degree_based,1.2800397872924805
12,4,2,500,0,4,degree_based,1.998621940612793
12,4,2,500,1,4,degree_based,2.0773723125457764
12,4,2,500,2,5,random_choice,2.032153844833374
12,4,2,500,3,4,degree_based,1.99247145652771
12,4,2,500,4,5,degree_based,2.0826146602630615
12,4,2,500,5,4,degree_based,2.003438949584961
12,4,2,500,6,4,degree_based,1.9962730407714844
12,4,2,500,7,5,degree_based,2.002743721008301
12,4,2,500,8,4,degree_based,2.0132315158843994
12,4,2,500,9,4,degree_based,2.0261318683624268
12,4,2,1000,0,4,degree_based,1.9834222793579102
12,4,2,1000,1,4,degree_based,2.096433162689209
12,4,2,1000,2,4,degree_based,2.0492308139801025
12,4,2,1000,3,5,degree_based,2.017474889755249
12,4,2,1000,4,5,degree_based,2.096205472946167
12,4,2,1000,5,5,degree_based,2.038977861404419
12,4,2,1000,6,4,degree_based,2.013788938522339
12,4,2,1000,7,5,degree_based,2.0175459384918213
12,4,2,1000,8,4,degree_based,2.012329578399658
12,4,2,1000,9,4,degree_based,2.042942762374878
12,5,1,500,0,3,degree_based,1.2795348167419434
12,5,1,500,1,3,degree_based,1.2767527103424072
12,5,1,500,2,4,degree_based,1.2802414894104004
12,5,1,500,3,3,degree_based,1.3334565162658691
12,5,1,500,4,3,degree_based,1.3280622959136963
12,5,1,500,5,3,degree_based,1.3054835796356201
12,5,1,500,6,4,degree_based,1.298203706741333
12,5,1,500,7,3,degree_based,1.3604042530059814
12,5,1,500,8,4,energy_minim,1.3618249893188477
12,5,1,500,9,3,degree_based,1.3426814079284668
12,5,1,1000,0,4,energy_minim,1.3734393119812012
12,5,1,1000,1,4,degree_based,1.3184783458709717
12,5,1,1000,2,4,degree_based,1.3271572589874268
12,5,1,1000,3,4,degree_based,1.3757905960083008
12,5,1,1000,4,4,degree_based,1.3746333122253418
12,5,1,1000,5,3,degree_based,1.3407845497131348
12,5,1,1000,6,4,degree_based,1.3469786643981934
12,5,1,1000,7,4,degree_based,1.368337631225586
12,5,1,1000,8,4,degree_based,1.386120080947876
12,5,1,1000,9,4,degree_based,1.3742163181304932
12,5,2,500,0,4,degree_based,2.25142502784729
12,5,2,500,1,4,degree_based,2.246025562286377
12,5,2,500,2,4,degree_based,2.2538602352142334
12,5,2,500,3,4,degree_based,2.256199359893799
12,5,2,500,4,4,degree_based,2.258963108062744
12,5,2,500,5,4,degree_based,2.2343904972076416
12,5,2,500,6,4,degree_based,2.233623743057251
12,5,2,500,7,4,degree_based,2.2479352951049805
12,5,2,500,8,4,degree_based,2.232508897781372
12,5,2,500,9,4,degree_based,2.2060859203338623
12,5,2,1000,0,3,degree_based,2.2815208435058594
12,5,2,1000,1,4,energy_minim,2.274078130722046
12,5,2,1000,2,4,degree_based,2.2885053157806396
12,5,2,1000,3,4,degree_based,2.234851121902466
12,5,2,1000,4,4,degree_based,2.2750532627105713
12,5,2,1000,5,4,degree_based,2.268070697784424
12,5,2,1000,6,4,degree_based,2.215927839279175
12,5,2,1000,7,4,degree_based,2.2932465076446533
12,5,2,1000,8,4,degree_based,2.2764127254486084
12,5,2,1000,9,4,degree_based,2.220607042312622
12,6,1,500,0,3,degree_based,1.483529806137085
12,6,1,500,1,3,degree_based,1.4353463649749756
12,6,1,500,2,3,degree_based,1.457279920578003
12,6,1,500,3,3,degree_based,1.4928317070007324
12,6,1,500,4,3,degree_based,1.454904317855835
12,6,1,500,5,3,degree_based,1.4584660530090332
12,6,1,500,6,3,degree_based,1.4773712158203125
12,6,1,500,7,3,degree_based,1.4535341262817383
12,6,1,500,8,3,degree_based,1.4624018669128418
12,6,1,500,9,3,degree_based,1.4547021389007568
12,6,1,1000,0,3,degree_based,1.5085835456848145
12,6,1,1000,1,3,degree_based,1.4636616706848145
12,6,1,1000,2,3,degree_based,1.48814058303833
12,6,1,1000,3,4,degree_based,1.4671649932861328
12,6,1,1000,4,4,clause_count,1.4356017112731934
12,6,1,1000,5,4,degree_based,1.4927446842193604
12,6,1,1000,6,3,degree_based,1.513528823852539
12,6,1,1000,7,3,degree_based,1.4901514053344727
12,6,1,1000,8,3,degree_based,1.4937198162078857
12,6,1,1000,9,3,degree_based,1.4941530227661133
12,6,2,500,0,3,degree_based,2.598494052886963
12,6,2,500,1,3,degree_based,2.5290234088897705
12,6,2,500,2,3,degree_based,2.5635695457458496
12,6,2,500,3,4,energy_minim,2.5360848903656006
12,6,2,500,4,4,energy_minim,2.507779121398926
12,6,2,500,5,3,degree_based,2.5677037239074707
12,6,2,500,6,3,degree_based,2.5933539867401123
12,6,2,500,7,3,degree_based,2.5740268230438232
12,6,2,500,8,3,degree_based,2.5036206245422363
12,6,2,500,9,3,degree_based,2.559051752090454
12,6,2,1000,0,3,degree_based,2.5722601413726807
12,6,2,1000,1,3,degree_based,2.5190470218658447
12,6,2,1000,2,4,degree_based,2.539663553237915
12,6,2,1000,3,3,degree_based,2.5591275691986084
12,6,2,1000,4,4,degree_based,2.542219638824463
12,6,2,1000,5,4,degree_based,2.6073544025421143
12,6,2,1000,6,3,degree_based,2.6389212608337402
12,6,2,1000,7,3,degree_based,2.594280958175659
12,6,2,1000,8,3,degree_based,2.528947114944458
12,6,2,1000,9,4,degree_based,2.593261957168579
14,3,1,500,0,5,degree_based,1.228417158126831
14,3,1,500,1,5,degree_based,1.1627516746520996
14,3,1,500,2,6,random_choice,1.2597160339355469
14,3,1,500,3,5,degree_based,1.2368056774139404
14,3,1,500,4,5,random_choice,1.2809021472930908
14,3,1,500,5,5,degree_based,1.2809715270996094
14,3,1,500,6,6,degree_based,1.2413043975830078
14,3,1,500,7,6,clause_count,1.2600374221801758
14,3,1,500,8,6,degree_based,1.210813045501709
14,3,1,500,9,6,degree_based,1.2668073177337646
14,3,1,1000,0,5,degree_based,1.3009593486785889
14,3,1,1000,1,5,degree_based,1.243842601776123
14,3,1,1000,2,5,degree_based,1.240086317062378
14,3,1,1000,3,5,degree_based,1.255829095840454
14,3,1,1000,4,5,degree_based,1.3110108375549316
14,3,1,1000,5,5,degree_based,1.2564408779144287
14,3,1,1000,6,5,degree_based,1.306990146636963
14,3,1,1000,7,6,random_choice,1.2953534126281738
14,3,1,1000,8,6,degree_based,1.245772123336792
14,3,1,1000,9,5,degree_based,1.3151617050170898
14,3,2,500,0,6,degree_based,2.0952186584472656
14,3,2,500,1,5,degree_based,2.06829833984375
14,3,2,500,2,5,degree_based,2.0188536643981934
14,3,2,500,3,6,degree_based,2.1078553199768066
14,3,2,500,4,5,degree_based,2.149580955505371
14,3,2,500,5,5,degree_based,2.13383150100708
14,3,2,500,6,5,degree_based,2.086613178253174
14,3,2,500,7,7,degree_based,2.068418264389038
14,3,2,500,8,6,degree_based,2.06974720954895
14,3,2,500,9,5,degree_based,2.0591611862182617
14,3,2,1000,0,6,degree_based,2.1182377338409424
14,3,2,1000,1,5,degree_based,2.0963032245635986
14,3,2,1000,2,6,degree_based,2.113408088684082
14,3,2,1000,3,6,degree_based,2.147583484649658
14,3,2,1000,4,5,degree_based,2.1323635578155518
14,3,2,1000,5,5,degree_based,2.1275453567504883
14,3,2,1000,6,6,degree_based,2.1234164237976074
14,3,2,1000,7,5,degree_based,2.097632646560669
14,3,2,1000,8,6,degree_based,2.0923359394073486
14,3,2,1000,9,6,degree_based,2.096475601196289
14,4,1,500,0,4,degree_based,1.3366756439208984
14,4,1,500,1,5,random_choice,1.3405237197875977
14,4,1,500,2,5,degree_based,1.3356108665466309
14,4,1,500,3,1,degree_based,1.3245203495025635
14,4,1,500,4,5,energy_minim,1.3895201683044434
14,4,1,500,5,4,degree_based,1.4055252075195312
14,4,1,500,6,5,degree_based,1.3882572650909424
14,4,1,500,7,5,degree_based,1.3710086345672607
14,4,1,500,8,4,degree_based,1.4105072021484375
14,4,1,500,9,5,degree_based,1.3638741970062256
14,4,1,1000,0,5,random_choice,1.3752102851867676
14,4,1,1000,1,5,degree_based,1.365121603012085
14,4,1,1000,2,5,random_choice,1.4546663761138916
14,4,1,1000,3,6,energy_minim,1.4212853908538818
14,4,1,1000,4,4,degree_based,1.366504192352295
14,4,1,1000,5,4,degree_based,1.4414243698120117
14,4,1,1000,6,2,degree_based,1.3923628330230713
14,4,1,1000,7,5,degree_based,1.405271053314209
14,4,1,1000,8,5,degree_based,1.440497875213623
14,4,1,1000,9,5,degree_based,1.4099483489990234
14,4,2,500,0,5,degree_based,2.341129779815674
14,4,2,500,1,5,random_choice,2.3354201316833496
14,4,2,500,2,6,degree_based,2.396435260772705
14,4,2,500,3,5,degree_based,2.391852617263794
14,4,2,500,4,4,degree_based,2.3420584201812744
14,4,2,500,5,5,degree_based,2.4327392578125
14,4,2,500,6,5,degree_based,2.343498945236206
14,4,2,500,7,6,degree_based,2.264840602874756
14,4,2,500,8,5,degree_based,2.376573324203491
14,4,2,500,9,5,degree_based,2.420314311981201
14,4,2,1000,0,5,degree_based,2.3668365478515625
14,4,2,1000,1,5,degree_based,2.381781578063965
14,4,2,1000,2,5,degree_based,2.3700969219207764
14,4,2,1000,3,5,degree_based,2.421725273132324
14,4,2,1000,4,5,degree_based,2.378558874130249
14,4,2,1000,5,4,degree_based,2.450902223587036
14,4,2,1000,6,5,degree_based,2.391758680343628
14,4,2,1000,7,5,degree_based,2.2828938961029053
14,4,2,1000,8,4,degree_based,2.4395315647125244
14,4,2,1000,9,5,degree_based,2.466372013092041
14,5,1,500,0,4,degree_based,1.5177481174468994
14,5,1,500,1,4,degree_based,1.5425162315368652
14,5,1,500,2,4,degree_based,1.5805354118347168
14,5,1,500,3,4,degree_based,1.5773887634277344
14,5,1,500,4,3,degree_based,1.5783100128173828
14,5,1,500,5,4,degree_based,1.5208423137664795
14,5,1,500,6,4,degree_based,1.5792467594146729
14,5,1,500,7,4,degree_based,1.5414698123931885
14,5,1,500,8,4,degree_based,1.5419423580169678
14,5,1,500,9,4,degree_based,1.5278434753417969
14,5,1,1000,0,4,degree_based,1.5693440437316895
14,5,1,1000,1,4,degree_based,1.5833656787872314
14,5,1,1000,2,4,degree_based,1.569371223449707
14,5,1,1000,3,4,degree_based,1.5668113231658936
14,5,1,1000,4,4,degree_based,1.5592143535614014
14,5,1,1000,5,4,degree_based,1.5622498989105225
14,5,1,1000,6,4,degree_based,1.6114897727966309
14,5,1,1000,7,4,degree_based,1.5865123271942139
14,5,1,1000,8,4,degree_based,1.581003189086914
14,5,1,1000,9,4,degree_based,1.5532116889953613
14,5,2,500,0,4,degree_based,2.6966278553009033
14,5,2,500,1,4,degree_based,2.7116830348968506
14,5,2,500,2,4,degree_based,2.6200196743011475
14,5,2,500,3,5,degree_based,2.6652050018310547
14,5,2,500,4,4,degree_based,2.6274900436401367
14,5,2,500,5,4,degree_based,2.6244397163391113
14,5,2,500,6,4,degree_based,2.6784563064575195
14,5,2,500,7,4,degree_based,2.6543843746185303
14,5,2,500,8,4,degree_based,2.7128782272338867
14,5,2,500,9,4,degree_based,2.6271767616271973
14,5,2,1000,0,4,degree_based,2.6454803943634033
14,5,2,1000,1,4,degree_based,2.7352237701416016
14,5,2,1000,2,4,degree_based,2.7375733852386475
14,5,2,1000,3,4,degree_based,2.71923565864563
14,5,2,1000,4,4,degree_based,2.6628499031066895
14,5,2,1000,5,4,degree_based,2.7342612743377686
14,5,2,1000,6,4,degree_based,2.7152225971221924
14,5,2,1000,7,5,degree_based,2.74802827835083
14,5,2,1000,8,5,degree_based,2.747860908508301
14,5,2,1000,9,5,degree_based,2.7352402210235596
14,6,1,500,0,3,degree_based,1.8013057708740234
14,6,1,500,1,4,degree_based,1.7114264965057373
14,6,1,500,2,3,degree_based,1.7033143043518066
14,6,1,500,3,3,degree_based,1.7432982921600342
14,6,1,500,4,4,energy_minim,1.7394859790802002
14,6,1,500,5,3,degree_based,1.6806750297546387
14,6,1,500,6,3,degree_based,1.5521399974822998
14,6,1,500,7,3,degree_based,1.5992631912231445
14,6,1,500,8,4,degree_based,1.6630189418792725
14,6,1,500,9,4,degree_based,1.6673471927642822
14,6,1,1000,0,4,energy_minim,1.7818543910980225
14,6,1,1000,1,4,degree_based,1.7392323017120361
14,6,1,1000,2,3,degree_based,1.779618263244629
14,6,1,1000,3,4,degree_based,1.7812981605529785
14,6,1,1000,4,4,degree_based,1.7871317863464355
14,6,1,1000,5,4,degree_based,1.7062101364135742
14,6,1,1000,6,4,degree_based,1.6092424392700195
14,6,1,1000,7,4,degree_based,1.6538598537445068
14,6,1,1000,8,3,degree_based,1.6941850185394287
14,6,1,1000,9,3,degree_based,1.6966161727905273
14,6,2,500,0,3,degree_based,3.003572940826416
14,6,2,500,1,4,degree_based,2.95951771736145
14,6,2,500,2,3,degree_based,2.976818084716797
14,6,2,500,3,4,degree_based,3.05338191986084
14,6,2,500,4,4,degree_based,3.013519763946533
14,6,2,500,5,3,degree_based,2.9983229637145996
14,6,2,500,6,4,degree_based,2.941415309906006
14,6,2,500,7,4,degree_based,2.9611876010894775
14,6,2,500,8,4,degree_based,2.959981918334961
14,6,2,500,9,4,energy_minim,2.963731288909912
14,6,2,1000,0,4,energy_minim,3.0701024532318115
14,6,2,1000,1,4,degree_based,2.98606276512146
14,6,2,1000,2,4,energy_minim,2.9922144412994385
14,6,2,1000,3,4,degree_based,3.06416654586792
14,6,2,1000,4,4,degree_based,3.0851433277130127
14,6,2,1000,5,4,degree_based,2.9967470169067383
14,6,2,1000,6,3,degree_based,2.9975693225860596
14,6,2,1000,7,4,degree_based,2.9838318824768066
14,6,2,1000,8,4,degree_based,2.9917845726013184
14,6,2,1000,9,4,degree_based,3.02074933052063
16,3,1,500,0,6,degree_based,1.9895126819610596
16,3,1,500,1,6,degree_based,1.466303825378418
16,3,1,500,2,6,random_choice,1.4840219020843506
16,3,1,500,3,5,degree_based,1.4973163604736328
16,3,1,500,4,6,degree_based,1.4759023189544678
16,3,1,500,5,7,energy_minim,1.4932758808135986
16,3,1,500,6,6,random_choice,1.4160079956054688
16,3,1,500,7,6,degree_based,1.4098920822143555
16,3,1,500,8,6,random_choice,1.4941558837890625
16,3,1,500,9,6,degree_based,1.4866037368774414
16,3,1,1000,0,6,energy_minim,1.5171382427215576
16,3,1,1000,1,7,degree_based,1.5082294940948486
16,3,1,1000,2,6,random_choice,1.5362396240234375
16,3,1,1000,3,6,degree_based,1.5251777172088623
16,3,1,1000,4,6,degree_based,1.5073375701904297
16,3,1,1000,5,6,random_choice,1.5319182872772217
16,3,1,1000,6,8,degree_based,1.503230333328247
16,3,1,1000,7,7,random_choice,1.4846069812774658
16,3,1,1000,8,6,degree_based,1.517326831817627
16,3,1,1000,9,6,degree_based,1.531843662261963
16,3,2,500,0,6,degree_based,2.5397098064422607
16,3,2,500,1,7,degree_based,2.555509567260742
16,3,2,500,2,7,degree_based,2.594555616378784
16,3,2,500,3,7,degree_based,2.5651471614837646
16,3,2,500,4,7,degree_based,2.481999635696411
16,3,2,500,5,6,random_choice,2.5745186805725098
16,3,2,500,6,6,degree_based,2.477066993713379
16,3,2,500,7,7,degree_based,2.5059621334075928
16,3,2,500,8,7,degree_based,2.513120174407959
16,3,2,500,9,6,degree_based,2.569594144821167
16,3,2,1000,0,6,degree_based,2.548116445541382
16,3,2,1000,1,7,degree_based,2.5434272289276123
16,3,2,1000,2,7,degree_based,2.621861457824707
16,3,2,1000,3,6,degree_based,2.5410397052764893
16,3,2,1000,4,7,degree_based,2.549311637878418
16,3,2,1000,5,7,degree_based,2.6216464042663574
16,3,2,1000,6,7,degree_based,2.525158643722534
16,3,2,1000,7,7,degree_based,2.5612952709198
16,3,2,1000,8,7,degree_based,2.6183903217315674
16,3,2,1000,9,6,degree_based,2.5544652938842773
16,4,1,500,0,5,degree_based,1.649986982345581
16,4,1,500,1,5,random_choice,1.7035799026489258
16,4,1,500,2,5,degree_based,1.6521310806274414
16,4,1,500,3,5,degree_based,1.6440691947937012
16,4,1,500,4,6,energy_minim,1.6418592929840088
16,4,1,500,5,5,degree_based,1.6458995342254639
16,4,1,500,6,5,random_choice,1.6571307182312012
16,4,1,500,7,5,degree_based,1.6414768695831299
16,4,1,500,8,5,degree_based,1.630798578262329
16,4,1,500,9,5,degree_based,1.637566089630127
16,4,1,1000,0,5,degree_based,1.6851747035980225
16,4,1,1000,1,5,degree_based,1.695720911026001
16,4,1,1000,2,5,degree_based,1.6823208332061768
16,4,1,1000,3,5,degree_based,1.6852335929870605
16,4,1,1000,4,5,degree_based,1.6842007637023926
16,4,1,1000,5,6,degree_based,1.69049072265625
16,4,1,1000,6,5,degree_based,1.686065912246704
16,4,1,1000,7,5,degree_based,1.7405061721801758
16,4,1,1000,8,5,degree_based,1.658355951309204
16,4,1,1000,9,5,degree_based,1.6677672863006592
16,4,2,500,0,5,degree_based,2.965327501296997
16,4,2,500,1,5,degree_based,2.8970353603363037
16,4,2,500,2,5,degree_based,2.903817653656006
16,4,2,500,3,6,degree_based,2.9050962924957275
16,4,2,500,4,5,degree_based,2.8612313270568848
16,4,2,500,5,6,degree_based,2.861884117126465
16,4,2,500,6,6,energy_minim,2.9049806594848633
16,4,2,500,7,5,degree_based,2.8825390338897705
16,4,2,500,8,6,degree_based,2.835158348083496
16,4,2,500,9,5,degree_based,2.833479642868042
16,4,2,1000,0,5,degree_based,2.940669059753418
16,4,2,1000,1,5,degree_based,2.960237741470337
16,4,2,1000,2,6,degree_based,2.8843727111816406
16,4,2,1000,3,6,degree_based,2.892265558242798
16,4,2,1000,4,6,degree_based,2.9167964458465576
16,4,2,1000,5,5,degree_based,2.939260244369507
16,4,2,1000,6,6,degree_based,2.9529190063476562
16,4,2,1000,7,5,degree_based,2.898740768432617
16,4,2,1000,8,6,degree_based,2.854219675064087
16,4,2,1000,9,5,degree_based,2.870184898376465
16,5,1,500,0,4,degree_based,1.8802599906921387
16,5,1,500,1,4,degree_based,1.8500444889068604
16,5,1,500,2,4,degree_based,1.9301910400390625
16,5,1,500,3,4,degree_based,1.9302325248718262
16,5,1,500,4,4,degree_based,1.851806879043579
16,5,1,500,5,4,degree_based,1.8733599185943604
16,5,1,500,6,5,degree_based,1.861330270767212
16,5,1,500,7,4,degree_based,1.856513500213623
16,5,1,500,8,4,degree_based,1.8779871463775635
16,5,1,500,9,5,degree_based,1.8570835590362549
16,5,1,1000,0,5,degree_based,1.817225456237793
16,5,1,1000,1,4,degree_based,1.9001884460449219
16,5,1,1000,2,4,degree_based,1.9689202308654785
16,5,1,1000,3,5,energy_minim,1.970144271850586
16,5,1,1000,4,4,degree_based,1.8892967700958252
16,5,1,1000,5,5,energy_minim,1.9167988300323486
16,5,1,1000,6,5,random_choice,1.8852732181549072
16,5,1,1000,7,5,energy_minim,1.8912584781646729
16,5,1,1000,8,5,degree_based,1.9132649898529053
16,5,1,1000,9,5,energy_minim,1.8864116668701172
16,5,2,500,0,5,degree_based,3.1390349864959717
16,5,2,500,1,6,energy_minim,3.148268938064575
16,5,2,500,2,4,degree_based,3.2486653327941895
16,5,2,500,3,5,degree_based,3.317087411880493
16,5,2,500,4,5,degree_based,3.164062261581421
16,5,2,500,5,5,degree_based,3.2454607486724854
16,5,2,500,6,5,degree_based,3.1408324241638184
16,5,2,500,7,5,degree_based,3.219635248184204
16,5,2,500,8,5,degree_based,3.244138240814209
16,5,2,500,9,5,degree_based,3.152298927307129
16,5,2,1000,0,5,degree_based,3.183366537094116
16,5,2,1000,1,5,degree_based,3.1948087215423584
16,5,2,1000,2,5,degree_based,3.2479002475738525
16,5,2,1000,3,5,degree_based,3.2501604557037354
16,5,2,1000,4,5,random_choice,3.2609856128692627
16,5,2,1000,5,5,degree_based,3.2976536750793457
16,5,2,1000,6,5,degree_based,3.245591163635254
16,5,2,1000,7,5,degree_based,3.2820470333099365
16,5,2,1000,8,5,degree_based,3.2902157306671143
16,5,2,1000,9,5,degree_based,3.233598470687866
16,6,1,500,0,4,energy_minim,2.706825017929077
16,6,1,500,1,4,random_choice,2.760765790939331
16,6,1,500,2,5,energy_minim,2.0128440856933594
16,6,1,500,3,3,degree_based,2.0031144618988037
16,6,1,500,4,5,degree_based,2.0595693588256836
16,6,1,500,5,4,degree_based,2.029489040374756
16,6,1,500,6,4,random_choice,2.069272994995117
16,6,1,500,7,4,degree_based,2.032540798187256
16,6,1,500,8,5,degree_based,2.0670597553253174
16,6,1,500,9,4,degree_based,2.319105625152588
16,6,1,1000,0,4,degree_based,2.0629003047943115
16,6,1,1000,1,4,degree_based,2.0610265731811523
16,6,1,1000,2,5,degree_based,2.0661377906799316
16,6,1,1000,3,4,degree_based,2.0386135578155518
16,6,1,1000,4,4,degree_based,2.099891424179077
16,6,1,1000,5,4,degree_based,2.0571484565734863
16,6,1,1000,6,4,degree_based,2.1206061840057373
16,6,1,1000,7,4,degree_based,2.0721378326416016
16,6,1,1000,8,4,degree_based,2.069690704345703
16,6,1,1000,9,4,degree_based,2.110955238342285
16,6,2,500,0,5,degree_based,3.5397560596466064
16,6,2,500,1,4,degree_based,3.5640652179718018
16,6,2,500,2,5,degree_based,3.5627591609954834
16,6,2,500,3,4,degree_based,3.526221752166748
16,6,2,500,4,4,degree_based,3.5341057777404785
16,6,2,500,5,4,degree_based,3.5652642250061035
16,6,2,500,6,4,degree_based,3.5616655349731445
16,6,2,500,7,4,degree_based,3.577000617980957
16,6,2,500,8,4,degree_based,3.5658795833587646
16,6,2,500,9,4,degree_based,3.5647618770599365
16,6,2,1000,0,4,degree_based,3.574906587600708
16,6,2,1000,1,4,degree_based,3.649024724960327
16,6,2,1000,2,4,degree_based,3.579681396484375
16,6,2,1000,3,4,degree_based,3.632843017578125
16,6,2,1000,4,5,degree_based,3.6263625621795654
16,6,2,1000,5,4,degree_based,3.6560211181640625
16,6,2,1000,6,5,degree_based,3.6068403720855713
16,6,2,1000,7,4,degree_based,3.68099308013916
16,6,2,1000,8,5,degree_based,3.629739999771118
16,6,2,1000,9,4,degree_based,3.605435371398926
18,3,1,500,0,6,degree_based,1.9796578884124756
18,3,1,500,1,7,energy_minim,2.0480129718780518
18,3,1,500,2,7,energy_minim,2.036815643310547
18,3,1,500,3,6,degree_based,2.025517225265503
18,3,1,500,4,7,energy_minim,1.989652156829834
18,3,1,500,5,6,degree_based,1.9744346141815186
18,3,1,500,6,6,degree_based,2.014744520187378
18,3,1,500,7,7,random_choice,2.0624427795410156
18,3,1,500,8,6,degree_based,2.0212998390197754
18,3,1,500,9,6,degree_based,2.0445756912231445
18,3,1,1000,0,6,degree_based,2.0402443408966064
18,3,1,1000,1,6,degree_based,2.125007390975952
18,3,1,1000,2,6,degree_based,2.080374240875244
18,3,1,1000,3,6,degree_based,2.0599920749664307
18,3,1,1000,4,7,degree_based,2.0434553623199463
18,3,1,1000,5,7,energy_minim,2.0078928470611572
18,3,1,1000,6,6,degree_based,2.0546112060546875
18,3,1,1000,7,7,random_choice,2.124830961227417
18,3,1,1000,8,7,energy_minim,2.062892198562622
18,3,1,1000,9,6,degree_based,2.0914080142974854
18,3,2,500,0,8,degree_based,3.5205180644989014
18,3,2,500,1,7,degree_based,3.512427568435669
18,3,2,500,2,7,degree_based,3.582548141479492
18,3,2,500,3,7,degree_based,3.4806740283966064
18,3,2,500,4,8,degree_based,3.576404094696045
18,3,2,500,5,7,random_choice,3.4903743267059326
18,3,2,500,6,8,energy_minim,3.4535441398620605
18,3,2,500,7,8,degree_based,3.5448966026306152
18,3,2,500,8,7,degree_based,3.5468318462371826
18,3,2,500,9,7,degree_based,3.5633645057678223
18,3,2,1000,0,8,degree_based,3.57951021194458
18,3,2,1000,1,7,degree_based,3.632753372192383
18,3,2,1000,2,7,degree_based,3.61517071723938
18,3,2,1000,3,8,degree_based,3.5482053756713867
18,3,2,1000,4,8,degree_based,3.6402673721313477
18,3,2,1000,5,7,degree_based,3.5272939205169678
18,3,2,1000,6,8,degree_based,3.5126919746398926
18,3,2,1000,7,7,degree_based,3.5383145809173584
18,3,2,1000,8,8,degree_based,3.6071889400482178
18,3,2,1000,9,6,degree_based,3.6244730949401855
18,4,1,500,0,6,degree_based,2.3174924850463867
18,4,1,500,1,6,energy_minim,2.3581979274749756
18,4,1,500,2,6,random_choice,2.3191170692443848
18,4,1,500,3,6,degree_based,2.320605754852295
18,4,1,500,4,6,random_choice,2.338724374771118
18,4,1,500,5,6,random_choice,2.3571465015411377
18,4,1,500,6,5,degree_based,2.3508195877075195
18,4,1,500,7,6,degree_based,2.3410024642944336
18,4,1,500,8,5,degree_based,2.3445167541503906
18,4,1,500,9,5,degree_based,2.3157951831817627
18,4,1,1000,0,6,degree_based,2.367600202560425
18,4,1,1000,1,6,degree_based,2.4148194789886475
18,4,1,1000,2,6,degree_based,2.363508701324463
18,4,1,1000,3,6,degree_based,2.3760979175567627
18,4,1,1000,4,5,degree_based,2.3074417114257812
18,4,1,1000,5,6,degree_based,2.413654327392578
18,4,1,1000,6,6,energy_minim,2.405334234237671
18,4,1,1000,7,5,degree_based,2.374897003173828
18,4,1,1000,8,6,energy_minim,2.3861098289489746
18,4,1,1000,9,6,degree_based,2.3953378200531006
18,4,2,500,0,7,degree_based,4.015161514282227
18,4,2,500,1,6,random_choice,3.9752581119537354
18,4,2,500,2,7,degree_based,4.0072572231292725
18,4,2,500,3,7,degree_based,4.016307592391968
18,4,2,500,4,6,random_choice,4.010339736938477
18,4,2,500,5,6,degree_based,3.9911208152770996
18,4,2,500,6,6,degree_based,3.9519736766815186
18,4,2,500,7,5,degree_based,3.9650425910949707
18,4,2,500,8,6,degree_based,4.019334316253662
18,4,2,500,9,7,degree_based,3.993271589279175
18,4,2,1000,0,6,degree_based,4.0184712409973145
18,4,2,1000,1,6,degree_based,4.06141471862793
18,4,2,1000,2,7,degree_based,4.02699089050293
18,4,2,1000,3,6,degree_based,4.027768611907959
18,4,2,1000,4,5,degree_based,4.015299320220947
18,4,2,1000,5,7,degree_based,4.0399088859558105
18,4,2,1000,6,5,degree_based,4.004042387008667
18,4,2,1000,7,6,degree_based,4.022998809814453
18,4,2,1000,8,5,degree_based,4.070841073989868
18,4,2,1000,9,7,degree_based,4.03131890296936
18,5,1,500,0,6,degree_based,2.7022786140441895
18,5,1,500,1,4,degree_based,2.575021982192993
18,5,1,500,2,4,degree_based,2.5576136112213135
18,5,1,500,3,5,degree_based,2.610966205596924
18,5,1,500,4,5,random_choice,2.572186231613159
18,5,1,500,5,4,degree_based,2.642723321914673
18,5,1,500,6,4,degree_based,2.6787946224212646
18,5,1,500,7,5,degree_based,2.6240251064300537
18,5,1,500,8,5,energy_minim,2.570573091506958
18,5,1,500,9,5,degree_based,2.680670976638794
18,5,1,1000,0,5,degree_based,2.7006540298461914
18,5,1,1000,1,5,energy_minim,2.7630906105041504
18,5,1,1000,2,5,random_choice,2.662339925765991
18,5,1,1000,3,4,degree_based,2.5869977474212646
18,5,1,1000,4,5,random_choice,2.630830764770508
18,5,1,1000,5,5,degree_based,2.6451456546783447
18,5,1,1000,6,5,degree_based,2.6130943298339844
18,5,1,1000,7,5,random_choice,2.6091148853302
18,5,1,1000,8,5,degree_based,2.673271656036377
18,5,1,1000,9,6,random_choice,2.606011152267456
18,5,2,500,0,4,degree_based,4.530014514923096
18,5,2,500,1,5,degree_based,4.529473304748535
18,5,2,500,2,5,degree_based,4.483072757720947
18,5,2,500,3,5,degree_based,4.458023548126221
18,5,2,500,4,5,degree_based,4.509475231170654
18,5,2,500,5,6,degree_based,4.52126932144165
18,5,2,500,6,5,degree_based,4.495900392532349
18,5,2,500,7,5,degree_based,4.489885091781616
18,5,2,500,8,5,degree_based,4.478904962539673
18,5,2,500,9,5,degree_based,4.4746317863464355
18,5,2,1000,0,6,degree_based,4.594880104064941
18,5,2,1000,1,5,degree_based,4.461865425109863
18,5,2,1000,2,5,energy_minim,4.542571783065796
18,5,2,1000,3,5,degree_based,4.555908679962158
18,5,2,1000,4,5,degree_based,4.578945159912109
18,5,2,1000,5,6,energy_minim,4.571456432342529
18,5,2,1000,6,5,degree_based,4.5494794845581055
18,5,2,1000,7,5,degree_based,4.537458181381226
18,5,2,1000,8,6,degree_based,4.56326961517334
18,5,2,1000,9,6,degree_based,4.574251174926758
18,6,1,500,0,4,degree_based,2.8369662761688232
18,6,1,500,1,4,degree_based,2.806809186935425
18,6,1,500,2,4,degree_based,2.901596784591675
18,6,1,500,3,4,degree_based,2.896984577178955
18,6,1,500,4,4,degree_based,2.8415753841400146
18,6,1,500,5,4,degree_based,2.9618279933929443
18,6,1,500,6,4,degree_based,2.869493246078491
18,6,1,500,7,5,energy_minim,2.9550399780273438
18,6,1,500,8,4,degree_based,2.8660693168640137
18,6,1,500,9,4,degree_based,2.8501267433166504
18,6,1,1000,0,5,degree_based,2.891606092453003
18,6,1,1000,1,4,degree_based,2.9134132862091064
18,6,1,1000,2,4,degree_based,2.9459643363952637
18,6,1,1000,3,5,degree_based,2.9364569187164307
18,6,1,1000,4,5,degree_based,2.8835158348083496
18,6,1,1000,5,4,degree_based,2.9954471588134766
18,6,1,1000,6,5,degree_based,2.9106829166412354
18,6,1,1000,7,4,degree_based,2.989729166030884
18,6,1,1000,8,4,degree_based,2.9107682704925537
18,6,1,1000,9,4,degree_based,2.8883743286132812
18,6,2,500,0,4,degree_based,4.895718574523926
18,6,2,500,1,5,degree_based,4.997093439102173
18,6,2,500,2,6,degree_based,5.039138555526733
18,6,2,500,3,5,degree_based,5.031746864318848
18,6,2,500,4,5,degree_based,4.861996650695801
18,6,2,500,5,5,degree_based,4.967613220214844
18,6,2,500,6,5,degree_based,4.978541374206543
18,6,2,500,7,5,degree_based,5.046367883682251
18,6,2,500,8,5,degree_based,4.919916391372681
18,6,2,500,9,5,random_choice,4.886203050613403
18,6,2,1000,0,5,degree_based,4.970890998840332
18,6,2,1000,1,6,degree_based,5.055281162261963
18,6,2,1000,2,5,degree_based,5.139909744262695
18,6,2,1000,3,5,degree_based,5.075096845626831
18,6,2,1000,4,5,degree_based,4.857370853424072
18,6,2,1000,5,4,degree_based,4.990530014038086
18,6,2,1000,6,6,random_choice,5.0211944580078125
18,6,2,1000,7,5,degree_based,5.0952699184417725
18,6,2,1000,8,4,degree_based,4.9983229637146
18,6,2,1000,9,5,degree_based,4.943403244018555
20,3,1,500,0,7,degree_based,4.139797210693359
20,3,1,500,1,7,energy_minim,4.171419620513916
20,3,1,500,2,7,random_choice,4.238218069076538
20,3,1,500,3,6,degree_based,4.2456042766571045
20,3,1,500,4,7,degree_based,4.198179721832275
20,3,1,500,5,7,degree_based,4.233657598495483
20,3,1,500,6,7,degree_based,4.125759840011597
20,3,1,500,7,7,energy_minim,4.128780364990234
20,3,1,500,8,7,degree_based,4.137769937515259
20,3,1,500,9,6,degree_based,4.128202438354492
20,3,1,1000,0,8,energy_minim,4.1894850730896
20,3,1,1000,1,7,degree_based,4.225014925003052
20,3,1,1000,2,7,degree_based,4.332272291183472
20,3,1,1000,3,7,degree_based,4.296381950378418
20,3,1,1000,4,8,energy_minim,4.227206468582153
20,3,1,1000,5,7,degree_based,4.320111513137817
20,3,1,1000,6,7,degree_based,4.170752763748169
20,3,1,1000,7,8,random_choice,4.198175668716431
20,3,1,1000,8,8,energy_minim,4.17837119102478
20,3,1,1000,9,8,energy_minim,4.1826276779174805
20,3,2,500,0,8,degree_based,7.570074558258057
20,3,2,500,1,8,degree_based,7.138373851776123
20,3,2,500,2,7,degree_based,7.276782035827637
20,3,2,500,3,8,energy_minim,7.302709579467773
20,3,2,500,4,9,degree_based,7.221950531005859
20,3,2,500,5,8,degree_based,7.231226444244385
20,3,2,500,6,8,degree_based,7.194565773010254
20,3,2,500,7,8,degree_based,7.127393007278442
20,3,2,500,8,8,degree_based,7.17759895324707
20,3,2,500,9,8,degree_based,7.1757543087005615
20,3,2,1000,0,8,degree_based,7.218374013900757
20,3,2,1000,1,8,degree_based,7.229418754577637
20,3,2,1000,2,8,degree_based,7.35846209526062
20,3,2,1000,3,8,random_choice,7.357657194137573
20,3,2,1000,4,9,degree_based,7.269718885421753
20,3,2,1000,5,7,degree_based,7.277669668197632
20,3,2,1000,6,8,degree_based,7.233182907104492
20,3,2,1000,7,8,degree_based,7.2143871784210205
20,3,2,1000,8,10,energy_minim,7.285705089569092
20,3,2,1000,9,7,degree_based,7.24795937538147
20,4,1,500,0,6,random_choice,4.790189743041992
20,4,1,500,1,6,random_choice,4.791701793670654
20,4,1,500,2,6,random_choice,4.866328477859497
20,4,1,500,3,6,degree_based,4.794626235961914
20,4,1,500,4,6,random_choice,4.856307744979858
20,4,1,500,5,6,degree_based,4.742164850234985
20,4,1,500,6,7,degree_based,4.793880939483643
20,4,1,500,7,5,degree_based,4.787047863006592
20,4,1,500,8,6,random_choice,4.801239490509033
20,4,1,500,9,5,degree_based,4.841795444488525
20,4,1,1000,0,7,random_choice,4.871614933013916
20,4,1,1000,1,6,degree_based,4.912114381790161
20,4,1,1000,2,6,degree_based,4.863710165023804
20,4,1,1000,3,6,degree_based,4.907509803771973
20,4,1,1000,4,6,degree_based,4.870754957199097
20,4,1,1000,5,6,degree_based,4.813880205154419
20,4,1,1000,6,6,degree_based,4.898846626281738
20,4,1,1000,7,7,degree_based,4.902454853057861
20,4,1,1000,8,7,energy_minim,4.937403440475464
20,4,1,1000,9,6,random_choice,4.84650993347168
20,4,2,500,0,6,degree_based,8.312273025512695
20,4,2,500,1,7,degree_based,8.311476945877075
20,4,2,500,2,7,degree_based,8.3714017868042
20,4,2,500,3,7,degree_based,8.309819221496582
20,4,2,500,4,6,degree_based,8.350217819213867
20,4,2,500,5,7,degree_based,8.236427783966064
20,4,2,500,6,7,degree_based,8.314578771591187
20,4,2,500,7,7,energy_minim,8.31313443183899
20,4,2,500,8,7,degree_based,8.43166708946228
20,4,2,500,9,7,degree_based,8.311040878295898
20,4,2,1000,0,6,degree_based,8.399040937423706
20,4,2,1000,1,7,degree_based,8.346354722976685
20,4,2,1000,2,7,degree_based,8.388948917388916
20,4,2,1000,3,7,degree_based,8.33976936340332
20,4,2,1000,4,5,degree_based,8.400352239608765
20,4,2,1000,5,6,degree_based,8.26458740234375
20,4,2,1000,6,7,degree_based,8.360620737075806
20,4,2,1000,7,7,degree_based,8.360527038574219
20,4,2,1000,8,7,degree_based,8.396702766418457
20,4,2,1000,9,6,energy_minim,8.345490217208862
20,5,1,500,0,5,degree_based,5.459563255310059
20,5,1,500,1,5,degree_based,5.40824294090271
20,5,1,500,2,6,energy_minim,5.41204309463501
20,5,1,500,3,5,degree_based,5.418365716934204
20,5,1,500,4,6,degree_based,5.309486389160156
20,5,1,500,5,5,degree_based,5.347754716873169
20,5,1,500,6,5,degree_based,5.357112884521484
20,5,1,500,7,5,degree_based,5.358362913131714
20,5,1,500,8,5,degree_based,5.360008478164673
20,5,1,500,9,5,degree_based,5.461672306060791
20,5,1,1000,0,6,energy_minim,5.475771903991699
20,5,1,1000,1,5,degree_based,5.466025114059448
20,5,1,1000,2,5,degree_based,5.511991500854492
20,5,1,1000,3,5,degree_based,5.467223882675171
20,5,1,1000,4,6,energy_minim,5.372848033905029
20,5,1,1000,5,5,degree_based,5.404625654220581
20,5,1,1000,6,5,degree_based,5.405367136001587
20,5,1,1000,7,5,degree_based,5.392602205276489
20,5,1,1000,8,6,random_choice,5.445819854736328
20,5,1,1000,9,5,degree_based,5.466667175292969
20,5,2,500,0,6,degree_based,9.341354608535767
20,5,2,500,1,5,random_choice,9.321237087249756
20,5,2,500,2,6,degree_based,9.324958801269531
20,5,2,500,3,5,degree_based,9.334737062454224
20,5,2,500,4,6,degree_based,9.078415155410767
20,5,2,500,5,5,degree_based,9.228697299957275
20,5,2,500,6,6,degree_based,9.232463598251343
20,5,2,500,7,5,degree_based,9.223582983016968
20,5,2,500,8,6,degree_based,9.247620105743408
20,5,2,500,9,6,degree_based,9.320085048675537
20,5,2,1000,0,6,degree_based,9.373416185379028
20,5,2,1000,1,6,degree_based,9.402365446090698
20,5,2,1000,2,5,degree_based,9.37163257598877
20,5,2,1000,3,6,degree_based,9.386525392532349
20,5,2,1000,4,7,degree_based,9.136634111404419
20,5,2,1000,5,6,degree_based,9.297067642211914
20,5,2,1000,6,7,degree_based,9.27573299407959
20,5,2,1000,7,7,degree_based,9.325336456298828
20,5,2,1000,8,6,degree_based,9.284966230392456
20,5,2,1000,9,6,degree_based,9.36050820350647
20,6,1,500,0,4,degree_based,6.024402379989624
20,6,1,500,1,4,degree_based,5.965837001800537
20,6,1,500,2,4,degree_based,6.017320871353149
20,6,1,500,3,5,degree_based,5.97140645980835
20,6,1,500,4,5,degree_based,6.022210359573364
20,6,1,500,5,4,degree_based,5.966826438903809
20,6,1,500,6,5,degree_based,5.97210431098938
20,6,1,500,7,4,degree_based,5.920321464538574
20,6,1,500,8,4,degree_based,5.971742868423462
20,6,1,500,9,5,degree_based,6.027127504348755
20,6,1,1000,0,4,degree_based,6.087556600570679
20,6,1,1000,1,4,degree_based,6.016057252883911
20,6,1,1000,2,5,degree_based,6.081064224243164
20,6,1,1000,3,6,energy_minim,6.028620719909668
20,6,1,1000,4,4,degree_based,6.084308862686157
20,6,1,1000,5,5,random_choice,6.019377708435059
20,6,1,1000,6,5,degree_based,6.034250497817993
20,6,1,1000,7,4,degree_based,5.974295139312744
20,6,1,1000,8,5,degree_based,6.027037143707275
20,6,1,1000,9,5,energy_minim,6.093810558319092
20,6,2,500,0,5,degree_based,10.325868368148804
20,6,2,500,1,4,degree_based,10.228111028671265
20,6,2,500,2,5,degree_based,10.270656824111938
20,6,2,500,3,6,degree_based,10.224272012710571
20,6,2,500,4,5,degree_based,10.316563129425049
20,6,2,500,5,6,energy_minim,10.230372190475464
20,6,2,500,6,6,energy_minim,10.220357894897461
20,6,2,500,7,6,degree_based,10.139520645141602
20,6,2,500,8,5,degree_based,10.091783046722412
20,6,2,500,9,5,degree_based,10.17052149772644
20,6,2,1000,0,6,energy_minim,10.362237691879272
20,6,2,1000,1,5,degree_based,10.291092872619629
20,6,2,1000,2,6,degree_based,10.378563165664673
20,6,2,1000,3,6,degree_based,10.274785995483398
20,6,2,1000,4,6,degree_based,10.368254899978638
20,6,2,1000,5,5,degree_based,10.274634838104248
20,6,2,1000,6,5,degree_based,10.309334754943848
20,6,2,1000,7,5,degree_based,10.18704867362976
20,6,2,1000,8,6,degree_based,10.155961275100708
20,6,2,1000,9,5,random_choice,10.224567651748657
